,Từ Teencode (Input),Số câu xuất hiện,Loss trung bình của câu,Loss câu max
183,hnao,6,1.7775,7.2007
19,cuti,8,1.1985,5.5986
252,uh,11,1.1291,4.4119
157,pónk,5,1.0873,2.1917
57,chn,5,1.0799,2.078
313,htrc,5,1.0149,4.4119
42,hsy,3,0.9657,1.154
140,gv,5,0.9182,3.0144
105,uhm,3,0.8485,1.575
69,cf,15,0.8467,3.907
280,đtrai,8,0.8243,2.6486
281,hs,14,0.7979,3.1811
14,chtay,4,0.7627,2.0001
217,ksao,4,0.7443,2.1743
41,ngt,11,0.7351,2.4418
224,dr,10,0.6699,3.0984
295,hd,21,0.6668,1.442
16,dk,8,0.6599,1.6222
208,hjc,12,0.6513,1.6852
349,kb,17,0.6309,2.9481
347,nek,92,0.6083,3.0205
177,hk,6,0.6069,1.7387
168,cm,15,0.5785,1.7327
128,mh,16,0.5688,1.895
335,hsau,10,0.5683,1.8683
82,snhat,6,0.5427,1.9471
357,bcuoi,12,0.5388,2.0102
301,ce,12,0.5275,1.1069
188,tik,23,0.5266,1.4555
346,đkien,8,0.5236,1.8681
267,khók,21,0.521,1.9324
222,dzữ,9,0.4976,1.5995
242,cmay,7,0.4945,1.404
203,sv,10,0.494,2.3754
48,uk,6,0.4825,0.7367
2,cgái,4,0.4758,0.9143
141,nm,7,0.4734,1.5286
306,jz,6,0.4728,1.7748
175,vv,6,0.4626,0.9087
99,cđm,5,0.4588,0.7163
239,đki,8,0.4571,1.3039
113,gđình,4,0.4541,1.1069
167,kthuc,29,0.4531,2.7839
202,cbi,18,0.4506,1.4139
330,zaiiii,17,0.4495,1.8019
366,đỉnk,22,0.4494,3.9446
213,zai,35,0.4488,2.1345
244,q,23,0.4459,2.7688
321,dnay,13,0.4438,1.4811
184,shaooo,40,0.4424,3.3252
53,ák,10,0.4381,1.5889
20,zay,6,0.4372,1.7382
1,thg,90,0.4369,3.0984
218,hnay,31,0.4319,3.4368
85,tc,39,0.4162,2.7839
343,lunnn,54,0.4157,2.2862
122,neh,30,0.4044,2.0959
300,nv,19,0.4015,1.3795
220,wa,103,0.3989,2.5899
322,jv,6,0.3986,1.0463
127,thgian,11,0.3984,1.9251
369,dzừa,91,0.3981,4.4119
30,xinloi,3,0.3974,1.0643
160,àh,29,0.3971,3.711
320,ctrinh,3,0.3904,0.6221
9,chs,80,0.3895,2.5366
340,ngc,11,0.3889,2.4581
174,ak,68,0.3888,2.274
314,hnhu,22,0.3885,1.8178
362,bm,20,0.3873,1.7998
151,baoh,17,0.3872,1.4303
360,hqua,15,0.3811,2.3825
132,nma,112,0.3761,3.0205
249,sd,14,0.375,1.9374
18,zdí,8,0.3741,1.6048
114,dko,17,0.374,1.5453
86,qa,58,0.3738,2.335
35,v,240,0.3731,3.8644
283,m,207,0.3714,3.6237
305,tp,7,0.3713,0.8379
159,qs,14,0.3704,1.7382
311,cno,25,0.3669,1.6077
226,xink,11,0.364,0.8544
189,ebe,7,0.362,1.4315
317,nhma,50,0.3615,2.0001
190,zụ,39,0.3609,2.5835
91,gảnk,13,0.3606,1.2822
255,xog,116,0.3602,1.7199
66,ks,10,0.3599,0.694
148,nnao,36,0.3589,2.3211
341,tt,49,0.3584,1.2867
261,hp,53,0.358,3.0137
55,zị,37,0.3548,2.6547
101,khok,14,0.3541,1.1132
328,lsao,25,0.354,2.5835
79,qay,25,0.3534,2.1225
32,nc,101,0.3531,3.1811
276,lun,318,0.3529,3.7055
272,ah,318,0.3522,3.6918
257,cn,134,0.3516,1.9806
47,màk,342,0.3509,2.4418
253,lmj,19,0.3494,1.0045
139,t,797,0.3484,2.8199
204,s,176,0.3468,2.1607
7,tn,57,0.3459,2.3397
195,vđe,4,0.3452,1.2358
197,ngol,41,0.3446,2.6547
150,vk,55,0.3439,2.1051
125,tcam,12,0.3427,2.0465
193,nèk,56,0.3414,2.6245
100,cty,87,0.3409,1.7536
161,gth,23,0.3406,0.8561
371,ht,202,0.3406,2.078
198,tr,122,0.3402,3.0376
0,zạ,180,0.3397,3.4368
72,nch,29,0.339,1.8434
40,tk,41,0.3387,1.2784
172,thui,265,0.338,3.8981
112,thik,98,0.3372,3.907
135,ns,288,0.3356,5.2742
269,vđ,20,0.3341,2.4418
68,xjnk,22,0.3336,1.273
147,tnao,20,0.3332,1.5924
192,nhm,8,0.333,0.7347
372,dth,34,0.3329,1.5409
370,nka,446,0.3326,3.9922
235,z,426,0.3325,3.9681
327,cug,49,0.3319,1.8395
75,zậy,23,0.3315,1.5598
287,thk,26,0.3312,2.8652
232,bk,21,0.3306,1.9147
136,r,607,0.3304,3.5131
80,kh,187,0.3302,3.8644
186,shao,96,0.3301,2.9189
29,n,414,0.3301,3.0984
17,đág,66,0.3295,2.7095
319,ôg,125,0.326,2.4402
3,vt,47,0.3254,2.0001
24,cgi,33,0.3245,2.2222
71,c,453,0.3201,2.6323
354,ckhai,17,0.3198,1.2131
196,ct,40,0.3195,1.3842
180,ạk,940,0.3187,2.5791
123,nvien,28,0.3186,1.7536
117,lquan,6,0.3147,0.6748
108,dzịt,3,0.3146,0.4658
323,tg,23,0.3124,1.3256
121,tb,15,0.3123,1.0333
45,h,190,0.3116,2.1054
288,nmà,10,0.3116,1.5598
248,vs,460,0.311,3.1811
181,ik,768,0.3105,3.8644
191,klq,4,0.31,0.9983
201,trôg,22,0.3088,2.274
229,j,291,0.3087,3.9681
88,bjk,44,0.3086,2.2862
129,lm,651,0.3073,3.9005
120,ngk,6,0.3072,0.6078
264,th,174,0.307,5.2742
13,dzai,10,0.3065,1.0924
62,lms,9,0.3063,1.163
352,xg,42,0.3062,4.4119
4,rùi,202,0.306,3.1811
171,dki,4,0.306,0.4427
156,hok,93,0.3059,2.5366
215,cx,499,0.3057,3.7055
106,khs,4,0.3049,0.7587
95,k,669,0.3018,4.8938
304,dzị,7,0.3014,1.7221
98,ph,283,0.3013,2.8199
258,zo,19,0.301,1.3939
31,cgai,27,0.3009,1.3462
237,kqua,9,0.3004,0.7145
291,lh,30,0.2999,0.9944
268,zới,169,0.2992,2.3745
234,zời,20,0.2989,1.7723
297,dzới,91,0.2987,1.8434
131,as,366,0.2982,2.816
263,vd,16,0.2981,2.0959
303,bb,33,0.2975,1.5028
77,cb,35,0.2974,1.1036
219,cs,1659,0.2956,7.2007
76,trg,327,0.2951,3.1811
143,luonn,105,0.294,2.0161
89,bh,42,0.2938,1.9471
187,dthw,14,0.2937,0.8125
10,đc,557,0.2921,3.1849
164,đg,206,0.2917,3.6936
293,côg,100,0.2916,2.4892
273,ntn,29,0.2914,1.3217
8,bjo,7,0.2907,0.9077
337,nx,269,0.2906,1.873
97,đk,95,0.2901,1.7998
154,mn,126,0.2889,3.1849
94,mak,643,0.2888,3.1614
230,cban,16,0.2878,0.8044
124,bdau,26,0.2872,2.7839
310,cũg,138,0.2863,1.9471
179,cnay,32,0.2863,2.092
58,cg,232,0.2859,2.5366
26,qá,216,0.2859,3.1614
21,zô,65,0.2853,2.1186
70,kbiet,9,0.2837,1.0283
176,zữ,32,0.2834,1.5889
243,g,84,0.2833,2.2321
348,kte,5,0.2827,0.6154
344,zui,53,0.2818,2.5366
6,nh,407,0.2813,3.1811
137,hông,69,0.2813,2.5582
236,xl,10,0.2808,0.7764
285,zk,24,0.2792,1.3217
169,bnh,18,0.2783,1.6645
36,mìh,52,0.2779,2.2327
289,trc,183,0.2776,2.1054
345,bth,65,0.2773,1.3953
336,nhưg,112,0.277,3.4302
111,p,181,0.2768,1.7801
28,tíh,89,0.2765,3.0376
205,đh,22,0.2765,0.9478
60,tnhien,8,0.2764,0.7141
233,qcao,5,0.2761,0.7494
373,bt,182,0.2754,2.8903
134,b,857,0.2751,4.8938
367,bg,15,0.2736,1.035
84,đók,320,0.2736,3.5131
351,ts,8,0.2736,0.6398
182,dzui,23,0.2734,1.481
46,chj,100,0.2729,1.9471
73,hsinh,4,0.2725,0.4353
50,ctay,25,0.2717,1.0463
333,mqh,36,0.2676,1.0898
133,kt,6,0.2669,0.6624
166,kảm,246,0.2666,2.2988
170,ch,195,0.2664,2.3709
260,thw,77,0.2657,2.9481
223,ds,174,0.2656,2.6557
152,dc,252,0.2654,3.9384
364,ng,585,0.2653,5.2742
23,mng,71,0.2647,1.2101
211,tsao,5,0.2632,0.5954
216,đky,3,0.2625,0.4299
102,mìnk,176,0.2625,2.3754
277,dzô,32,0.2616,0.9949
298,cgiac,36,0.2611,2.1065
126,nta,21,0.2609,1.2784
116,zì,96,0.2607,1.3171
358,mik,379,0.2602,3.9922
145,ckồnq,44,0.2578,1.9147
342,ms,365,0.2576,2.059
221,ank,125,0.2563,1.1456
63,zề,74,0.2563,1.2174
153,ziệc,250,0.2562,1.9471
210,bn,354,0.2558,3.6918
44,tbao,3,0.255,0.4236
78,ko,816,0.2545,3.1849
238,sn,15,0.2543,1.5512
43,kn,74,0.2537,1.6048
109,xinhh,44,0.2537,1.336
265,ngta,114,0.2525,1.7362
241,lgi,55,0.2508,2.4418
259,gd,15,0.2495,0.8026
165,zẻ,58,0.2488,0.9209
365,cj,197,0.2485,1.9471
194,thsu,22,0.2485,1.0574
67,bsi,4,0.2478,0.527
65,thík,57,0.2473,1.8395
246,tgian,36,0.2471,1.3466
146,nthe,30,0.2463,0.9146
115,xoq,30,0.246,0.8201
290,độk,21,0.2437,0.6936
315,àk,11,0.2428,1.4381
331,hc,158,0.2428,1.4774
368,nt,22,0.2425,1.3354
262,tht,247,0.2392,2.2222
37,nnay,28,0.2384,0.8467
142,nhg,253,0.2383,2.0202
361,ncl,6,0.2347,0.6054
270,ck,164,0.2342,1.9147
254,gke,24,0.2336,0.9175
130,mk,698,0.2318,3.907
163,qtrong,18,0.2313,1.4315
11,snghi,38,0.23,1.4404
104,kphai,13,0.2286,1.1704
12,nvay,58,0.228,1.2494
350,bnhiu,5,0.2274,0.4452
363,cíu,22,0.2271,1.4717
96,kco,70,0.2263,1.0635
247,qtr,6,0.2234,0.507
118,lq,7,0.2226,0.7056
324,vkck,3,0.2226,0.5659
307,gđ,45,0.2223,0.7587
275,chúg,16,0.2218,1.163
308,ziệt,41,0.2207,1.873
355,bik,72,0.2202,1.3939
15,qt,35,0.2193,0.8595
93,mih,94,0.2182,2.59
74,ctrai,3,0.2173,0.3515
92,khùg,15,0.2173,0.8831
207,zà,23,0.2077,0.8259
286,trl,12,0.2069,1.4303
294,dzề,29,0.2053,1.0856
27,chx,97,0.2041,1.3217
339,đag,77,0.2031,1.5471
292,tgia,17,0.2025,0.6668
250,ngkhac,21,0.2002,0.7059
64,ntin,13,0.2001,0.9109
325,bnhieu,14,0.1998,0.9934
178,dg,32,0.1974,0.9737
318,qtam,40,0.197,1.1918
173,đt,11,0.1968,1.1121
90,cta,11,0.1959,0.6112
52,tnhan,32,0.1934,1.1048
284,kbt,25,0.1882,0.8068
34,ngkh,13,0.1881,1.1913
107,svien,4,0.187,0.3671
138,nhx,173,0.1855,2.1194
200,cv,92,0.1834,1.2261
119,ttin,48,0.1776,1.1189
231,bthg,18,0.1717,0.9746
278,bthan,97,0.1714,1.1992
49,quák,7,0.171,0.5289
25,embe,9,0.1703,0.7982
144,sk,7,0.168,0.2338
155,kp,33,0.1667,0.8141
279,cviec,20,0.1639,0.9265
359,tl,18,0.1587,0.722
209,qlai,25,0.1474,0.8176
312,bme,30,0.1468,0.5493
81,tnay,14,0.1464,0.3334
206,bbe,14,0.1452,0.4028
282,dv,14,0.144,0.5592
332,bame,17,0.1438,0.7271
299,kph,9,0.1404,0.6121
353,dvien,4,0.1389,0.295
251,vđề,9,0.1363,0.4116
33,tnh,15,0.1353,0.8824
59,gđinh,14,0.1335,0.5337
356,vde,34,0.1271,0.5339
22,lạnk,8,0.1247,0.4597
245,nchung,4,0.1243,0.3224
158,kg,9,0.1236,0.2531
162,mìk,27,0.1196,0.8999
302,csong,22,0.1107,0.5887
256,ctoi,7,0.1008,0.2459
212,mxh,5,0.0797,0.2001
329,bgio,3,0.076,0.1013
39,bâyg,3,0.0756,0.1047
271,đr,4,0.0709,0.0904
228,chta,6,0.0632,0.1661
225,dzậy,4,0.0581,0.0799
316,kbg,4,0.0441,0.0706
214,qó,4,0.0407,0.0473
